id,timestamp,user,text
43553,1498208460,Bodka,Yoyo
43554,1498208477,Simone Anzivino,Arriva
43557,1498208529,Matteo Minardi,My car is pending
43559,1498208665,Bodka,Oh my god
43562,1498208718,Simone Anzivino,Itunes
43564,1498208740,Bodka,Dico cd fisico
43566,1498208746,Bodka,Solo nei negozi di dischi?
43568,1498208761,Bodka,LunedÃ¬
43573,1498208876,Simone Anzivino,Li vendono
43575,1498208946,Bodka,Famo la car e dividiamo in 4
43580,1498209075,Simone Anzivino,In giro
43581,1498211004,Matteo Minardi,Pyrex iper
43584,1498211032,Simone Anzivino,GiÃ 
43593,1498216890,Bodka,Iper?
43596,1498218267,Matteo Minardi,40
43615,1498248771,Bodka  via @gamee,Top Players1. Matteo Minardi â€“ 852
43619,1498288382,Davide Gandolfo,BOIIII
43634,1498290158,Matteo Minardi,Bota
43637,1498290187,Simone Anzivino,Non regalano i dischi
43644,1498290318,Matteo Minardi,Vivi nel mondo degli unicorni @Vins2409
43663,1498297730,Davide Gandolfo,Ahahahahahahahah
43665,1498297975,Bodka,È˜hhhhh
43678,1498304358,Matteo Minardi,Ho tanta voglia disco party
43680,1498304394,Simone Anzivino,Ho tanta voglia disco party milano
43681,1498304421,Matteo Minardi,Party giano
43683,1498304517,Davide Gandolfo,Scopartimi lano
43685,1498304577,Simone Anzivino,La tua tipa vuole farmisi
43713,1498383432,Davide Gandolfo,La tua tipa vuole farming simulator*
43714,1498383457,Simone Anzivino,La tua tipa = zank
43715,1498384437,Davide Gandolfo,> zer
43754,1498484885,Davide Gandolfo,raga ma che flow
43782,1498514434,Davide Gandolfo,Zio non dire che non sei andato
44769,1499764423,Davide Gandolfo,https://www.amazon.it/HP-15-BA097NL-Notebook-Display-A8-7410/dp/B06XFY8LJT/ref=gbph_tit_m-3_c7f8_5818d151?smid=A11IL2PNWYJU7H&pf_rd_p=8fa6ce23-4a9c-470f-b1d7-e1d1b259c7f8&pf_rd_s=merchandised-search-3&pf_rd_t=101&pf_rd_i=10124818031&pf_rd_m=A11IL2PNWYJU7H&pf_rd_r=MJBBXJ5Y4FYZ10Z4J8GP&th=1
44771,1499781159,Bodka,8gb ram per te sono pochi
44777,1499785630,Matteo Minardi,Ti ha proprio segnato dentro
44780,1499791766,Davide Gandolfo,:&apos/ fukk
44783,1499794624,Simone Anzivino,secondo me se upgradi la ram + ssd
44786,1499794707,Davide Gandolfo,zi?
44787,1499794719,Simone Anzivino,si
44788,1499794746,Davide Gandolfo,enough anche solo per Adobe?
44799,1499795577,Simone Anzivino,il processore amd te lo sconsiglio as fk
44801,1499799758,Davide Gandolfo,"Eh in efftt sono tentato, ma non so se 300E per pc nuewo o 100 per ram ssd, come avete detto tu e mino"
44802,1499800213,Bodka,Con meno di 299 upgradi la ssd e ram
44803,1499803524,Davide Gandolfo,100 <299
44804,1499803542,Simone Anzivino,quel pc non conviene
44806,1499803547,Davide Gandolfo,Ma tipo quanto puÃ² campare un pc upgradato rispetto ad uno newo?
44807,1499803551,Simone Anzivino,rispetto al tuo*
44808,1499803556,Davide Gandolfo,Ah zi?
44809,1499803563,Simone Anzivino,a livello di specs sono li
44811,1499803574,Davide Gandolfo,Mi faccio abbindolare da 8Gb e quadcore
46478,1503240319,Matteo Minardi,Chi Ã¨ il vez?
46479,1503240741,Davide Gandolfo,Uno dei rae sremmurd fra
48174,1505262817,Bodka,Lol
48202,1505305343,Davide Gandolfo,Grazie vins che mi rispondi ridendo ao miei goliardici files multimediali
48210,1505307227,Bodka,Prg Davide
48211,1505307616,Davide Gandolfo,Grz
48225,1505314617,Bodka,Prg
48227,1505318050,Davide Gandolfo,Ok
48292,1505340066,Bodka,ok
48333,1505344195,Davide Gandolfo,Ciao
48470,1505676736,Davide Gandolfo,Whiterache
48472,1505677534,Matteo Minardi,Ahahahaha
51691,1512738555,Davide Gandolfo,http://cookingwithcum.com/
51693,1512738660,Bodka,Wot
51694,1512740763,Davide Gandolfo,Vuoi assaggiare
51695,1512740866,Bodka,No grz
51696,1512741779,Davide Gandolfo,Tranquillo ciao
51697,1512741819,Bodka,Ciao
51698,1512743018,Davide Gandolfo,c
51699,1512772296,Davide Gandolfo,https://win.in-lombardia.it/it/ cose gratis forse
51728,1513030233,Davide Gandolfo,lol scazzato gruppo
51730,1513030640,Simone Anzivino,ðŸ‘
51731,1513030785,Matteo Minardi,Merda Ã¨ bona dura
51732,1513030824,Davide Gandolfo,Pare che calzi di merda perÃ² :/
51733,1513030848,Matteo Minardi,Dead stock bra
51734,1513030868,Davide Gandolfo,Vero non cr bisogni d metterla
51735,1513030977,Matteo Minardi,Non c&aposÃ¨ bisogno di metterla se non la coppi nemmeno
51736,1513031386,Davide Gandolfo,Yaassssss
51738,1513031436,Matteo Minardi,Ãˆ gratis 50â‚¬
51740,1513031483,Davide Gandolfo,Serio? Rep
51742,1513031498,Matteo Minardi,Thrasher 35
51743,1513031535,Davide Gandolfo,Bidonabili in tranquillezza
51744,1513032730,Simone Anzivino,Se sta a 50 Ã¨ free
51745,1513032907,Matteo Minardi,Tutte le tee stanno a tot
51747,1513034270,Davide Gandolfo,Si solito 44$/â‚¬ +15â‚¬
51748,1513034290,Simone Anzivino,Preparate i bot
51749,1513034364,Davide Gandolfo,La faccio spedire a marsala
51751,1513034679,Simone Anzivino,Assgara
51752,1513035031,Davide Gandolfo,Asgarddd
51754,1513036696,Davide Gandolfo,https://www.facebook.com/events/1682561338473101/1722427261153175/?notif_t=admin_plan_mall_activity&notif_id=1513033928987862
51764,1513068672,Davide Gandolfo,AAAAAAAAAAAAAAAAAAAAAAAAAAAAAA
51765,1513069945,Matteo Minardi,Orcamadon
51767,1513070935,Davide Gandolfo,andiamo noi porcodd2222
51768,1513072764,Simone Anzivino,Wtffff
51771,1513075806,Matteo Minardi,Almeno a Ravenna c&aposÃ¨ Ghali a capodanno ðŸ˜
51772,1513075810,Bodka,Wot
51774,1513075828,Matteo Minardi,*domenica pomeriggio
51775,1513075833,Bodka,Wtf
51778,1513075986,Matteo Minardi,Weekendless
51780,1513076225,Davide Gandolfo,Perfetto per me
51783,1513076328,Simone Anzivino,Both
51784,1513076345,Bodka,Temo che sia in range e l&aposorario
51786,1513076409,Davide Gandolfo,spero*
51790,1513085919,Davide Gandolfo,stavo per coppare 3 libri del pork sul sito che mandai quando ad un certop..
51794,1513085972,Simone Anzivino,Worth
51795,1513085989,Bodka,Ci sta
51798,1513086938,Davide Gandolfo,good shit bru
51836,1513188486,Davide Gandolfo,porca troia lega 35$ le tees domani
51837,1513188539,Simone Anzivino,Coppate un bot fast
51838,1513188579,Davide Gandolfo,+ slittino + beanie
51840,1513192113,Matteo Minardi,VabbÃ¨ 300â‚¬ di tees diventano easy 1500â‚¬
51841,1513192142,Simone Anzivino,Altro che crypto
51842,1513200980,Davide Gandolfo,ess gerre
51843,1513245492,Davide Gandolfo,raga cop or drop https://www.supremecommunity.com/season/fall-winter2017/droplist/2017-12-14/
51844,1513247380,Davide Gandolfo,raga il coso fermalibri cazzo merda
51845,1513248666,Matteo Minardi,-10
51846,1513249301,Davide Gandolfo,Rip mi so diment
51850,1513250045,Simone Anzivino,Troppo concentrato sul farli
51851,1513250598,Davide Gandolfo,Ahhaahahahahahah
51853,1513272339,Davide Gandolfo,raga sto malino https://www.youtube.com/watch?v=tKy-89Di-oQ
51855,1513273050,Simone Anzivino,AHAHAHAAHAAHAHAHAHAHAH
51856,1513275661,Matteo Minardi,Vez ma sto video Ã¨ di una vita fa
51857,1513275991,Davide Gandolfo,Ho finalmente capito cosa conta nella vita
51897,1513329120,Davide Gandolfo,Qesto conta https://youtu.be/KjrYem0LtJk
51918,1513380976,Matteo Minardi,Ez naz
51920,1513381037,Simone Anzivino,Che god
51921,1513381168,Davide Gandolfo,Porcoddue bro
51923,1513381204,Simone Anzivino,Manca il loading
51926,1513381238,Davide Gandolfo,Spacca il culo quella particellare
51927,1513381312,Simone Anzivino,Manca il logo figo
51929,1513381337,Davide Gandolfo,E che non stai per essere scammed hard
51931,1513417581,Matteo Minardi,Successo un cazzo
51932,1513417597,Simone Anzivino,?
51933,1513417623,Matteo Minardi,Ai xrp
51934,1513417660,Simone Anzivino,> di ðŸ“‰
51935,1513417984,Matteo Minardi,https://ripple.com/insights/ripple-powered-instant-payment-services-now-live-axis-bank-rakbank-standard-chartered/
51936,1513418461,Davide Gandolfo,_maggiore di minore_
51944,1513428967,Matteo Minardi,Buy high sell lower
51945,1513429054,Davide Gandolfo,:  )
51946,1513429110,Matteo Minardi,Panicsell*
51947,1513429231,Simone Anzivino,Sento puzza di 0.21
51949,1513429501,Simone Anzivino,AHAHAHAHAHAHA
51953,1513430459,Matteo Minardi,Merda top
51956,1513430572,Simone Anzivino,Gj
51958,1513430989,Davide Gandolfo,Jailbat
51960,1513432556,Simone Anzivino,"Ho fixato il grafico, 14% profit al netto di un 6% di loss se comprate ora"
51961,1513433990,Davide Gandolfo,Fix the fix
51962,1513446427,Davide Gandolfo,Gold but hold
51963,1513446468,Simone Anzivino,Questo + amazon = HODL
51965,1513446478,Davide Gandolfo,HODLLL
51966,1513446496,Simone Anzivino,Sto comprando 10 euro di dimecoin
51968,1513446508,Davide Gandolfo,Dimecoin wfungk
51969,1513446523,Simone Anzivino,Ha 10000 euro di volume giornaliero
51972,1513446555,Davide Gandolfo,:P
51974,1513446579,Simone Anzivino,Compro 10k euro di dimecoin e holdo
51976,1513446628,Davide Gandolfo,Ahahahahahahahahhaahahah
51988,1513452847,Simone Anzivino,https://www.youtube.com/watch?v=1co_YWwDpXg
51989,1513454629,Bodka,Per scendere di nuovo a 6k ci metterÃ  un paio di mesi
51990,1513457906,Davide Gandolfo,Beh zio ma stesso grafico intendi salita ripida
51991,1513467135,Davide Gandolfo,Bella cmq
51993,1513467195,Simone Anzivino,Update
51994,1513468139,Davide Gandolfo,Cuale
51997,1513503593,Matteo Minardi,Solo perchÃ© non ne sai l&aposesistenza non vuol dire che non esista
51998,1513503773,Davide Gandolfo,ieri per fare un edit esplicativo goliardico ho cercato gay porn su ggoogimmagini e me ne sono pentito in 0.2
52001,1513505031,Simone Anzivino,Esghere
52002,1513505308,Davide Gandolfo,Ens ghere
52005,1513505538,Simone Anzivino,AHAHAHAAHAHHAHAHAHAH
52008,1513505887,Davide Gandolfo,ahahahhahahahahahahahhahahahah
52010,1513506829,Davide Gandolfo,https://www.youtube.com/watch?v=WFb2YPmWj6k Ã¨ ora di rivelarvi il mio side projejej
52011,1513507333,Matteo Minardi,Top
52042,1513610489,Simone Anzivino,Tfw un trader professionista supporta la mia analisi su tradingview
52044,1513611487,Bodka,Gg
52046,1513693947,Davide Gandolfo,Upvoted da GesÃ¹ Cristo
52082,1513784969,Davide Gandolfo,Trap su ogni cosa
52099,1513864707,Simone Anzivino,Scarface leather jacket
52104,1513866054,Davide Gandolfo,Nono questa no che cancaro
52106,1513867198,Simone Anzivino,E la multicolor x champion
52110,1513867775,Matteo Minardi,Il gruppo ripple su telegram
52112,1513867876,Simone Anzivino,1.07
52116,1513868036,Matteo Minardi,Suck my dick bitstamp
52118,1513868058,Simone Anzivino,Vez
52123,1513868075,Matteo Minardi,Volevo dire bitstamp
52124,1513868078,Simone Anzivino,Ah ok
52131,1513868153,Matteo Minardi,Quando Fanta mette 7 k e gli diventano 14 in un gg
52132,1513868208,Simone Anzivino,How to stipendio annuo in 1 gg
52136,1513868227,Matteo Minardi,Tana
52139,1513868271,Simone Anzivino,La mia casa non Ã¨ costata 2k
52143,1513868305,Matteo Minardi,A mio nonno si
52144,1513868308,Simone Anzivino,Se mai arriverÃ² a 100k allinno tutto se si ripresenterÃ  una situazione del genere
52147,1513868534,Matteo Minardi,"Secondo me non perdi l&aposinvestimento iniziale, perdi il valore attuale se fai una cazzata"
52148,1513868619,Simone Anzivino,Vez
52160,1513882503,Davide Gandolfo,^
52162,1513883546,Matteo Minardi,Comunque lavorando parti con 0 naz
52163,1513883577,Davide Gandolfo,?
52164,1513884691,Simone Anzivino,"VabbÃ¨ mino ncuc, quando vuoi capirci qualcosa callami"
52167,1513899896,Davide Gandolfo,Nn o cpt
52393,1515071117,Davide Gandolfo,Trap trap
52395,1515071140,Bodka,Brev
52396,1515071245,Davide Gandolfo,Grz
52397,1515071853,Bodka,Prg
52439,1515113265,Simone Anzivino,https://open.spotify.com/album/5JoChkwvLzOIk5RX9Y4NRo#_=_
52478,1515154799,Davide Gandolfo,Davve?
52487,1515155593,Simone Anzivino,4real
52488,1515155627,Davide Gandolfo,Meglio o peggio di Dent che non compro e fa x4 in 24h
52516,1515158929,Bodka,Tanta roba
52613,1515592134,Simone Anzivino,Press 1 se volete un regalino
52614,1515592179,Matteo Minardi,1
52615,1515592191,Bodka,1
52616,1515592273,Simone Anzivino,Enjoy
52617,1515592291,Bodka,wot
52623,1515592326,Simone Anzivino,E la pubblicitÃ ?
52625,1515592332,Bodka,CRACCATO
52627,1515592334,Matteo Minardi,Anche scaricare la figa
52628,1515592339,Bodka,CHE INFORMATICO SEINABBO
52629,1515592343,Simone Anzivino,Scaricalo e ficcalo in macchina
52630,1515592343,Matteo Minardi,Te l&aposho passato craccato coglione
52631,1515592345,Bodka,SPOTIFY CRACKED
52635,1515592368,Simone Anzivino,Il craccato ha lo stesso la pub
52636,1515592371,Matteo Minardi,Se cracchi un app sei figo se la installi giÃ  craccata sei solo un cojone
52638,1515592425,Bodka,NCUC
52639,1515592427,Simone Anzivino,Io non ho il bluetooth quindi per me zingarello mi serve l&aposalbum high quality
52640,1515592427,Bodka,vedi che SSCLM
52641,1515592432,Simone Anzivino,Fatevi inculare
52642,1515592440,Bodka,se vuoi ti passo l&aposAPK
52648,1515592641,Simone Anzivino,1. Diego Armando Maradona2. Intro3. Fiori d&aposerba
52649,1515592644,Bodka,ora voglio la vostra TOP3
52652,1515592686,Simone Anzivino,"Boh il ritornello Ã¨ troppo catchy per me, il resto nella media"
52653,1515592696,Bodka,ðŸ˜ðŸ˜ðŸ˜  ðŸ˜
52656,1515593343,Davide Gandolfo,Cazzo dite top
52658,1515593405,Matteo Minardi,PerchÃ© col premium puoi scaricare canzoni e ascoltare a 320kbps file originale
52661,1515593418,Davide Gandolfo,Wow cazzo
52674,1515593747,Bodka,Hai troppi gighi
52684,1515599503,Simone Anzivino,https://www.teezily.com/scale-to-moon
52686,1515599543,Matteo Minardi,Spacca il culo fra
52687,1515599565,Simone Anzivino,Se la hoodie non costasse 35 euro
52689,1515599590,Bodka,LOL
52691,1515599634,Simone Anzivino,https://www.teezily.com/i-hodl-superpower#/product=1&color=black
52694,1515604844,Davide Gandolfo,HAHHAHAHAHAHAHAHA
52712,1515669950,Davide Gandolfo,cielo anchio quella cassaaaa
52713,1515669964,Bodka,E
52715,1515669973,Davide Gandolfo,ma i tuoi ti hanno mai beccato?
52717,1515669982,Bodka,Non vedo videomessaggi
52719,1515670053,Davide Gandolfo,fiuuuuu
52720,1515671564,Bodka,Certe cose le fai quando sei da solo
52721,1515671605,Simone Anzivino,Io ascolto la dpg a palla coi miei in casa
52722,1515671610,Bodka,Fai bene
52724,1515671634,Simone Anzivino,Se hai paura del giudizio dei tuoi stai fottuto dude
52725,1515671645,Bodka,Ma tanto non capiscono
52728,1515671658,Simone Anzivino,AHHAHAHAHAHAHAHAHH
52729,1515671668,Bodka,No ma la cassa sulla tavola mentre mangio solo quando sono alone
52730,1515671669,Simone Anzivino,in effetti
52731,1515671765,Davide Gandolfo,Hahahahahahahahahah
52733,1515674665,Bodka,Kek
52735,1515676583,Davide Gandolfo,Si so pentiti di non esse venuti all&aposonyx
52736,1515680892,Davide Gandolfo,https://www.youtube.com/watch?v=zZ7J8BAatuA
52763,1515685606,Simone Anzivino,"Preparate le recchie, new production"
52765,1515685719,Davide Gandolfo,Ma come artista sconosciuto
52766,1515685733,Simone Anzivino,Unlucky
52769,1515686148,Davide Gandolfo,povero beat
52770,1515692115,Matteo Minardi,Paolo Beatta
52771,1515692322,Davide Gandolfo,Holy shyut
52772,1515706795,Davide Gandolfo,https://goo.gl/qTDBjc
52774,1515708361,Simone Anzivino,AHAHAHAHAHAAH
52775,1515715271,Davide Gandolfo,ne affittiamo uno per andare a ferrara
52780,1515745929,Matteo Minardi,Nuova canzone pagante ft Samuel heron
52781,1515747862,Davide Gandolfo,Oh no
52783,1515747869,Bodka,?
52784,1515749851,Davide Gandolfo,?
52785,1515752690,Davide Gandolfo,https://www.instagram.com/p/BMMIELIDjZO/?taken-by=jumbodrillo
52847,1515845761,Bodka,Ãˆ premium?
52848,1515845871,Matteo Minardi,ðŸ‘
52849,1515851314,Bodka,UÃ¨
52853,1515851512,Simone Anzivino,Sto lavorando
52854,1515851520,Matteo Minardi,Foto
52855,1515851785,Bodka,Pic
52861,1515851919,Bodka,AHAHAHAHAHAHHAHHAHAAHAHAHHAHA
52864,1515852222,Davide Gandolfo,HAHHAHAHAHAHAHAHAHAHAHHAAHHAHAHAHAHA
52866,1515852245,Matteo Minardi,Sto lavorando
52867,1515852246,Bodka,"Mink ""hdf"""
52870,1515852258,Davide Gandolfo,Ming
52871,1515852261,Bodka,Solo noi cazzeggiamo
52872,1515852271,Davide Gandolfo,Secondo voi quanti mb ci stanno riesco a scaricare fortnite e giocare?
52873,1515852283,Bodka,No
52876,1515867815,Davide Gandolfo,Rip
52881,1515886686,Matteo Minardi,Stone Island cop or drop?
52883,1515886863,Simone Anzivino,Cop
52884,1515886896,Matteo Minardi,Si vero spacca
52886,1515888074,Davide Gandolfo,Diopong
52888,1515888409,Bodka,Digli che Ã¨ fake
52889,1515888426,Simone Anzivino,Prolly
52891,1515888476,Bodka,Ma si
52893,1515888511,Simone Anzivino,https://i.imgur.com/hj5SsnJ.jpg
52895,1515888659,Davide Gandolfo,HAHHAAHAHAHAHAHAHA
52900,1515943752,Bodka,"La famosa posizione ""trivella"""
52901,1515943759,Simone Anzivino,AHAHAHAHAHAHAHAHAAHAHAHA
52902,1515947350,Davide Gandolfo,wtf
52904,1515947898,Bodka,LOL
52905,1515948813,Simone Anzivino,che cazzp
52906,1515948844,Davide Gandolfo,prox in classense proviamo
52907,1515949828,Matteo Minardi,Stasera rune?
52910,1515952571,Davide Gandolfo,peso fra
52912,1515952938,Matteo Minardi,Siamo andati una volta eh
52913,1515953280,Bodka,Io ci sono se giochiamo a counter strike
52914,1515953326,Davide Gandolfo,ah alla fine venerdio no?
52916,1515953801,Bodka,Yeah
52917,1515960325,Simone Anzivino,Non ne sbaglio una xDDDDDDDDDD
52918,1515966264,Davide Gandolfo,We pesino
52927,1516010857,Matteo Minardi,Questa Ã¨ una bella rack
52933,1516012849,Davide Gandolfo,Come le altre bro
52937,1516017869,Bodka,Hoooooooooly moly maccheroni
52939,1516017896,Simone Anzivino,Ora Ã¨ molto meglio
52940,1516017898,Bodka,Minchia vezz ma datti da fare
52942,1516017911,Simone Anzivino,Quella era la 0.01
52943,1516017911,Bodka,Dai che voglio le pay
52945,1516019091,Simone Anzivino,Soon
52946,1516020892,Davide Gandolfo,Releasa le instru su yt per farle usare dalla ppl
52949,1516021132,Simone Anzivino,S o u n d c l o u d
52950,1516021650,Davide Gandolfo,Solo yt e soundcl perÃ²
52952,1516021776,Simone Anzivino,Ok questa Ã¨ l&aposultima
52953,1516021872,Bodka,Holy ahit
52956,1516022669,Davide Gandolfo,Menomale che c&aposÃ¨ luis
52959,1516023138,Simone Anzivino,4real
52962,1516023378,Simone Anzivino,Sto facendo la cover
52965,1516025568,Bodka,Mi devo tagliare i capelli
52969,1516025975,Davide Gandolfo,Bota tagliatircervleleol
52970,1516026221,Bodka,Non ce l&aposho
52972,1516026823,Simone Anzivino,Prossimo taglio l&aposho giÃ  disegnato
52974,1516027005,Davide Gandolfo,Merda hype fra
52976,1516028882,Davide Gandolfo,Raga voi che votate al referendum prostituzionale
52977,1516028940,Simone Anzivino,Me
52978,1516029681,Bodka,Si ai bordelli
53036,1516036334,Bodka,AHAHHA AHAHAHHAAHHAHAHAHAHAHAHAHAHAHHAHAHAHHAHAHA
53038,1516036445,Simone Anzivino,AHAHAHAHAAHAHAHAH
53039,1516036487,Bodka,Sto facendo pulizia nella gallery
53041,1516036509,Simone Anzivino,A 2 e 90
53044,1516040429,Davide Gandolfo,ahahahhahahahahahahhahahahahahahahahahahaahahahahahah
53045,1516040430,Bodka,AAHAHAHAHHAHAHA
53047,1516040432,Davide Gandolfo,quel cazzo di video
53048,1516040434,Bodka,merda ma sembro io
53049,1516040434,Davide Gandolfo,poropccopdo
53050,1516040448,Bodka,o mi sembra solo a me
53051,1516040458,Davide Gandolfo,bota svegliati
53054,1516040488,Bodka,92
53055,1516040497,Davide Gandolfo,forse naz predictava il prezzo ripple a cui non avrei venduto
53056,1516040598,Simone Anzivino,A cui dovevamo vendere
53058,1516040853,Davide Gandolfo,DIOOOOOOOOOOOOOO
53059,1516041138,Matteo Minardi,Still waitin for bitstamp
53062,1516044717,Davide Gandolfo,"mandagli email e scrivi all&aposassistenza, oppure vai su altri exchange"
53064,1516044775,Simone Anzivino,Spenderli e riprenderli e non vado alla Bocconi :^)
53078,1516047391,Davide Gandolfo,tony Ã¨ davv il kingest
53079,1516047900,Bodka,Porcammerda
53082,1516049438,Simone Anzivino,AHAHAHAHAHAHAHAH
53085,1516049873,Matteo Minardi,Ahahahahahaha
53087,1516049915,Davide Gandolfo,minchia mi iscrivo finalmente a sc solo per followarti
53088,1516060087,Davide Gandolfo,raga gli ultimi 20 sec dell&aposultimo video di jumbo
53089,1516060555,Matteo Minardi,Si vede che guarda i nostri stessi video
53092,1516060636,Simone Anzivino,xDDDDDDD
53094,1516060663,Matteo Minardi,Quanto una scopata
53095,1516060675,Simone Anzivino,Magari
53097,1516063317,Davide Gandolfo,porca alla madongia
53099,1516063332,Simone Anzivino,guardatevi lo speciale 50k
53100,1516063333,Davide Gandolfo,erano le 23.10
53101,1516063334,Simone Anzivino,Ho pianto
53103,1516063347,Davide Gandolfo,"consiglio ""HO TOCCATO UNA RAGAZZA"""
53120,1516102513,Bodka,Buongiorno
53122,1516102672,Simone Anzivino,La crÃ¨me de la crÃ¨me
53123,1516103365,Matteo Minardi,Le highlights della MotoGP 2011
53124,1516103475,Bodka,Brev
53127,1516105556,Davide Gandolfo,mi sa che muoio di overdose di jumbo
53128,1516105580,Matteo Minardi,Prima o poi li finirai
53129,1516108796,Matteo Minardi,Eagheree
53132,1516109490,Bodka,Fatti mandare dei prodotti
53135,1516110057,Simone Anzivino,Ti pagano una scarpa al mese
53136,1516115507,Davide Gandolfo,>>>>> 1&apos500â‚¬
53138,1516118650,Bodka,Poi rivendi
53140,1516122424,Davide Gandolfo,tec
53145,1516132717,Davide Gandolfo,e poi ci sono io che vorrei farmi entrare da un pagano
53147,1516133201,Simone Anzivino,Eh
53148,1516134788,Bodka,Bleah
53150,1516137994,Davide Gandolfo,weweew
53152,1516146568,Davide Gandolfo,https://steemit.com/@dariofblogger
53154,1516146618,Simone Anzivino,XD
53156,1516148399,Davide Gandolfo,should i
53162,1516190576,Matteo Minardi,Eh
53163,1516192316,Davide Gandolfo,http://www.spyit.it/sesso-tra-uomini-non-gay-e-possibile-la-ricerca-arriva-dagli-usa-e-si-chiama-bro-job/
53165,1516192556,Matteo Minardi,Diobo
53167,1516193207,Bodka,Defuq
53168,1516193496,Davide Gandolfo,sbaglio o l&aposimportante Ã¨ sborrare
53182,1516196679,Davide Gandolfo,HAHAHAHHAHAHAHAHAHHA
53183,1516196706,Bodka,AHAHAHAHAHAHHAAAHHAHA
53184,1516203457,Bodka,Rega
53189,1516203511,Matteo Minardi,Ma che Ã¨ quella poverata
53190,1516203520,Bodka,Infatti
53197,1516203577,Simone Anzivino,Stanno a 20 euro su aliexpress
53198,1516203728,Bodka,Con la scritta Balenciaga?
53199,1516203761,Matteo Minardi,Sono fatte da cani
53200,1516203771,Bodka,Ah bÃ¨
53201,1516203772,Matteo Minardi,Le aveva anche un bimbo negro all&aposeurospin
53202,1516203775,Bodka,Cosa vuoi con 20â‚¬
53204,1516203784,Simone Anzivino,20 euro manco le scarpe superga
53205,1516203806,Bodka,20 euro manco un pompino nella ss16
53207,1516203896,Matteo Minardi,E il cazzo
53208,1516203899,Bodka,Nah
53209,1516203900,Matteo Minardi,In posti
53210,1516203910,Bodka,Quello nn serve
53211,1516203927,Simone Anzivino,Bota stai ko
53212,1516203934,Matteo Minardi,Se non lo fai tu lo fanno gli altri al posto tuo
53213,1516203935,Bodka,Ko?
53214,1516203943,Simone Anzivino,KO
53215,1516203948,Bodka,Ok
53220,1516204774,Simone Anzivino,Tutto nella norma
53221,1516204775,Bodka,Non sarebbe il momento di comprare qualche btc?
53224,1516204800,Simone Anzivino,7k ritorna alla media
53226,1516204823,Bodka,Dicono che a gennaio crolla sempre
53228,1516204832,Simone Anzivino,GiÃ 
53229,1516209652,Bodka,Addate carmelo
53231,1516209778,Bodka,Buonasera
53232,1516209793,Carmelo,Questo Ã© il gruppo in cui si fanno i soldi?
53233,1516209797,Bodka,Si
53235,1516209801,Carmelo,Perfetto
53236,1516209812,Bodka,Ora esci 300â‚¬
53237,1516209816,Carmelo,300 lei
53238,1516209817,Bodka,Per l&aposiscrizione
53240,1516209837,Carmelo,Bonifici va bn?
53241,1516209842,Bodka,Nop
53243,1516209856,Matteo Minardi,Only btc
53244,1516209866,Carmelo,Only beni di consumo
53245,1516209871,Bodka,Only eth
53250,1516226255,Davide Gandolfo,stai bruciato acciderbolina
53251,1516226321,Carmelo,Diocan ma come cazzo Ã¨ possibile che non mi hanno ancora verificato l&aposaccount
53253,1516226407,Davide Gandolfo,manco a mino
53256,1516226430,Carmelo,Si ma Ã¨ passato un mese
53257,1516226434,Davide Gandolfo,vi lanciate poi i soldini su un buon exchange
53259,1516226461,Carmelo,Volevo fÃ  bitfinex
53260,1516226465,Davide Gandolfo,la deep
53262,1516227069,Simone Anzivino,Bitfinex Ã¨ due mesi che mi devono accettare
53263,1516227072,Davide Gandolfo,"come non detto, hanno riaperto le registraz ma adesso per tradeare devi aver versato 10k $"
53264,1516227074,Simone Anzivino,Good luck
53266,1516227102,Davide Gandolfo,prima li facciamo
53268,1516227150,Bodka,Poi li spendiamoc
53269,1516227151,Carmelo,Si ma diocan coinbase non puoi comprare i ripple
53270,1516227194,Davide Gandolfo,compri btc poi te li passi su una carognata come hitbtc e ci accatti i rippel
53272,1516227306,Simone Anzivino,Binance
53273,1516227321,Davide Gandolfo,se non vi si bugga l&aposemail verification
53274,1516227324,Simone Anzivino,Vu do il referall cosivi potete iscrivere
53275,1516227401,Carmelo,Adesso gli caccio 1k
53276,1516227434,Davide Gandolfo,pronti a pentirci
53277,1516227461,Simone Anzivino,https://www.binance.com/?ref=16985222
53289,1516236460,Simone Anzivino,ðŸ˜†
53298,1516264264,Matteo Minardi,Ecco un po&apos di flex business
53299,1516264585,Carmelo,Come umiliare i poveri
53300,1516268334,Davide Gandolfo,puooooorc
53318,1516295898,Davide Gandolfo,we ma la nuova mappa?
53319,1516296009,Matteo Minardi,Te lo scarichi
53324,1516296239,Bodka,Su spoti?
53325,1516296287,Matteo Minardi,ðŸ‘
53328,1516298209,Davide Gandolfo,l&aposalbum di sfera?
53329,1516298218,Bodka,Si
53331,1516298303,Davide Gandolfo,still sarei meno distratto di ora dio ganascia
53332,1516298527,Matteo Minardi,Ascoltatevi ipernova di Mr Rain
53335,1516298556,Bodka,Mr rain giÃ  nelle fav
53341,1516300248,Davide Gandolfo,diomede candelabro
53342,1516300328,Carmelo,Bella top
53343,1516300328,Carmelo,Ascoltatevi ipernova di Mr Rain
53344,1516300367,Bodka,Non fate i bufus
53345,1516301098,Matteo Minardi,Che bello ðŸ˜
53346,1516301149,Davide Gandolfo,merda spacca
53347,1516301232,Bodka,https://www.youtube.com/watch?v=ri5pq5YiJtU
53349,1516301512,Bodka,Vez
53354,1516303591,Bodka,Maaaaaa
53356,1516303946,Matteo Minardi,Una mina
53358,1516304225,Carmelo,Samuel sempre al top
53360,1516304587,Simone Anzivino,La canzone fa cagare.
53363,1516305191,Carmelo,No infatti
53368,1516308111,Bodka,Che tamarrata
53371,1516311816,Bodka,Copppppp
53373,1516315319,Davide Gandolfo,oddio ma Ã¨ quella vera
53376,1516315643,Bodka,Trpp
53377,1516315804,Davide Gandolfo,dio cristino che canzone di merda
53380,1516317941,Simone Anzivino,Skrrrraaaaa
53381,1516317942,Matteo Minardi,ðŸ”¥ðŸ”¥ðŸ”¥ðŸ”¥ðŸ”¥
53383,1516319718,Davide Gandolfo,minghie
53385,1516345809,Matteo Minardi,50 sec
53388,1516352981,Matteo Minardi,Madonna ðŸ‘
53393,1516360381,Davide Gandolfo,% di bruciatura / out of 10
53394,1516360450,Bodka,9999999%
53395,1516360948,Matteo Minardi,Ma te hai cancellato l&aposacc WhatsApp?
53396,1516361086,Simone Anzivino,Con le altre faccio lo stupidoo
53397,1516361148,Davide Gandolfo,non attacco il wifi da lunedÃ¬
53398,1516361232,Bodka,Brev
53400,1516361239,Davide Gandolfo,(non serve a un cazzo)
53401,1516361241,Bodka,E non wazzuppo
53402,1516361281,Davide Gandolfo,perchÃ© le fighe le sento su telegram
53404,1516361307,Simone Anzivino,Ma che problemi hai?
53406,1516361407,Matteo Minardi,Non Ã¨ togliendo le distrazioni che nasce la motivazione
53408,1516361427,Simone Anzivino,"Bravo Mino, teach him"
53409,1516361589,Bodka,Ma risparmiando ti compri una casa
53413,1516361630,Carmelo,Non risparmi se non lavori ðŸ˜‰
53414,1516361633,Bodka,Next level
53416,1516361649,Simone Anzivino,Non risparmi se non guadagni
53418,1516361658,Matteo Minardi,Se hai 300k e compri una casa non sei ricco
53419,1516361675,Bodka,Non voglio essere ricco
53420,1516361677,Carmelo,Anche perchÃ© non ne trovi case decenti con 300k
53423,1516361712,Matteo Minardi,Minimo 500k
53424,1516361714,Bodka,New prelievo
53425,1516361724,Carmelo,A Ravenna minimo 500k
53426,1516361726,Bodka,"In centro a bolo, attico 200mq"
53427,1516361735,Matteo Minardi,Mutuo 45 anni a 1000 al mese
53428,1516361738,Bodka,E si comanda sotto le due torri a capodanno
53429,1516361748,Carmelo,Eh se a Bologna 1M
53430,1516361752,Bodka,"Sbocciando spumante da 2,5â‚¬"
53431,1516361757,Carmelo,Costano 1M qua a Ravenna
53432,1516361800,Bodka,Ãˆ meglio se andiamo a studiare
53433,1516361816,Simone Anzivino,Ecco
53435,1516361818,Carmelo,Io devo dare solo 5 esami
53437,1516361823,Bodka,Io 2762626163737
53438,1516361823,Simone Anzivino,Che sto fatturando
53439,1516361827,Bodka,Naz
53442,1516361840,Carmelo,5 esami in 2 settimane
53443,1516361849,Bodka,Yeah boy
53445,1516361861,Carmelo,Aka ne passo 0.5
53446,1516361871,Bodka,Venivi a Ravenna ne dovevi dare uno ogni tanto quando ti andava
53453,1516362155,Matteo Minardi,Top
53461,1516364502,Bodka,ðŸ˜ðŸ˜ðŸ˜â¤ï¸â¤ï¸â¤ï¸
53462,1516364539,Simone Anzivino,Cupido troppo fire
53464,1516364606,Bodka,Yessa
53469,1516366708,Davide Gandolfo,i know that feel
53470,1516366751,Matteo Minardi,Guardati l&aposultimo di Strategico call of duty
53471,1516366753,Bodka,Non serve
53472,1516366797,Davide Gandolfo,che belo
53475,1516366918,Simone Anzivino,Non te lo danno 45 anni di mutuo zio
53477,1516366928,Matteo Minardi,Vero
53478,1516366933,Simone Anzivino,Non siamo manco vivi fra 45 anni
53479,1516366948,Matteo Minardi,Era un paradosso
53481,1516367015,Davide Gandolfo,era una metonimia
53482,1516367032,Bodka,Metanfetamina
53483,1516367041,Davide Gandolfo,cazzomenefotte io guardo solo streetwear e trap https://www.youtube.com/watch?v=BtIcG-LH7VE
53485,1516367058,Davide Gandolfo,che mina
53486,1516367063,Bodka,M chi cazzo fa la playlist Hip hop
53488,1516367077,Davide Gandolfo,RIPRODUZIONE VIETATA
53489,1516367077,Bodka,Ma che cazzo di problemi hanno
53491,1516367307,Davide Gandolfo,cmq all&aposazione di spegne er cell mi ha ispirato un grande uomo che tutti conosciamo
53492,1516367321,Bodka,Chi?
53495,1516367334,Simone Anzivino,Un grande leader
53497,1516367346,Bodka,MarcMarquez
53498,1516367354,Simone Anzivino,MDMA
53499,1516367360,Matteo Minardi,Er faina
53500,1516367372,Simone Anzivino,Alberico de giglio*
53501,1516367378,Matteo Minardi,Amico della gang
53503,1516367426,Bodka,AHAHAHAHAHAHAHAHAHAHAHHA
53509,1516367593,Bodka,ðŸ˜‚
53514,1516367629,Bodka,Gond pelato
53518,1516367923,Simone Anzivino,xDDDDDD
53523,1516374006,Davide Gandolfo,ER KING
53525,1516374173,Bodka,Uomo scopato
53526,1516375056,Davide Gandolfo,> 0
53539,1516378136,Bodka,AHAHAHAHAHHAHAHHAHAHA
55350,1517436942,Simone Anzivino,Ahahahahahahahah
55351,1517436982,Bodka,merda ma quello Ã¨ un bel cannone
55352,1517437013,Davide Gandolfo,Fra non diventi mica benoman coi jollini che vi fate voi da 30 g
55354,1517437030,Bodka,AHAHAHAHAH
55355,1517437053,Simone Anzivino,Flex un tot
55356,1517437488,Bodka,Lui nn skerza con la droca
55373,1517481563,Simone Anzivino,Lol
55374,1517482208,Bodka,Namo
55376,1517483151,Carmelo,Hai la raggia fra
55377,1517483518,Davide Gandolfo,Ahahahahahahahahahahahah
55379,1517483615,Carmelo,AHAHAHAH
55385,1517489605,Matteo Minardi,Ahahahahahaha
55386,1517493422,Davide Gandolfo,Incredibl footage sferaebbasta preview 2010
55388,1517499123,Davide Gandolfo,Carmemino muovetevi che le crypto stanno a scende
55389,1517499177,Matteo Minardi,Te che shoppi?
55390,1517499192,Carmelo,Stasera alle 20 call di gruppo
55391,1517499218,Davide Gandolfo,Io un cazzo perchÃ© non ho chiuso le posizioni
55392,1517499221,Matteo Minardi,Riunione in conference call
55393,1517499230,Davide Gandolfo,Stssera ci sto solo se mino racconta di beno
55394,1517499249,Carmelo,After
55395,1517499284,Davide Gandolfo,Ormai cmq i cashini vi arrivano la sett prox
55396,1517499311,Carmelo,Quanto sono i fees per la carta di credito?
55397,1517499335,Davide Gandolfo,"Ah vrro figa c&aposÃ¨ anche quello, almeno su coinbase era 3/4%"
55398,1517499347,Simone Anzivino,5% su bitstamp
55401,1517499388,Davide Gandolfo,Bisogna capi se Ã¨ piÃ¹ la loss ad asp 3 gg oppure le fess
55403,1517499404,Carmelo,Eh esatto
55404,1517499409,Simone Anzivino,Nonsense
55408,1517499425,Matteo Minardi,Io lo pago il bonifico
55409,1517499428,Simone Anzivino,poi comprate crypto quando Ã¨ il momento
55411,1517499437,Davide Gandolfo,Azzzz
55412,1517499438,Matteo Minardi,Quindi bisogna capire se le fees sono meno
55413,1517499442,Bodka,Hanno bannato i btc in india
55415,1517499449,Carmelo,AlÃ¨
55416,1517499454,Bodka,Ciao ciao btc
55417,1517499463,Davide Gandolfo,AlÃ¨
55418,1517499470,Bodka,Cmq scendono ancora poco
55419,1517499473,Davide Gandolfo,Soon banned from tutti i paesi e muoriamo tutti
55420,1517499483,Bodka,Quando arrivano a 5/6 k
55422,1517499495,Davide Gandolfo,E addio sogni di diventare ricco senza delinquere
55425,1517499545,Carmelo,Comunque a gennaio sono finiti 44 mld nel cestino
55426,1517499561,Davide Gandolfo,Intenti di marketcap?
55427,1517499564,Simone Anzivino,Cestino = in mano ai big players
55429,1517499576,Davide Gandolfo,Tipo me e naz
55430,1517499589,Carmelo,Si
55431,1517499594,Simone Anzivino,ðŸ‘Œ
55432,1517499598,Davide Gandolfo,Beh fra
55436,1517499634,Davide Gandolfo,Oddio bestia cos&aposÃ¨
55439,1517499656,Simone Anzivino,Il pack dell&aposuni
55440,1517499662,Davide Gandolfo,Sto male chi l&aposha fatto
55441,1517499664,Simone Anzivino,Quando ancora c&aposera il pascucci :)
55444,1517499691,Davide Gandolfo,Dio scatenato
55445,1517499693,Simone Anzivino,AHAHAHAHAHAHAHAHAHA
55446,1517499695,Davide Gandolfo,HAHAHAHAHAHAHAHAHHAAHHAHAAA
55448,1517499712,Simone Anzivino,Bo
55449,1517499714,Davide Gandolfo,E perchÃ© mancano bo e nick
55451,1517501712,Davide Gandolfo,Raga quanto vi piace l&aposxd di naz
55453,1517501735,Simone Anzivino,ðŸ˜†
55454,1517501751,Bodka,Mi bagno tutto
55455,1517501767,Carmelo,Diocan
55456,1517501773,Bodka,AHAHAHHAHAAHHAHHAHAAHAHAHAHAHAHA
55458,1517501830,Davide Gandolfo,Madonna che song
55460,1517501850,Carmelo,Brividi
55464,1517502171,Carmelo,Ahahahah
55468,1517502256,Carmelo,Puttana sto piangendo
55469,1517502266,Bodka,Prince pyrex
55471,1517502292,Carmelo,I L  M I G L I O R E
55472,1517502760,Davide Gandolfo,Rip
55473,1517504077,Bodka,Ncuc
55474,1517507975,Matteo Minardi,"Ma voi non pagate niente per fare depositi sepa, bonifici e prelievi bancomat?"
55475,1517508054,Bodka,No
55477,1517508140,Matteo Minardi,Che sarebbe?
55478,1517508176,Bodka,U N I C R E D I T
55483,1517508339,Simone Anzivino,Io 0
55485,1517508400,Carmelo,Home banking 0â‚¬
55486,1517508709,Bodka,"Si, in teoria home banking 0 costi"
55490,1517508763,Carmelo,Comunque un bonifico al massimo costa 4â‚¬
55491,1517508777,Simone Anzivino,Se ti stanno rapinando
55492,1517508784,Bodka,Ãˆ giÃ  un furto
55494,1517509739,Davide Gandolfo,"Anch&aposio non pago un czz, forse solo le operazioni in filiale"
55496,1517509811,Carmelo,Fra fatti la hype @mino181295
55497,1517509917,Bodka,Sisi in filiale paghi
55498,1517509934,Carmelo,Ofc
55499,1517510177,Davide Gandolfo,Ah ok
55500,1517511408,Matteo Minardi,"Io sepa 1,50"
55502,1517511511,Bodka,Ladriiiiii
55503,1517512040,Simone Anzivino,1.50 < 5%
55505,1517512075,Matteo Minardi,Io volevo mettere 3â‚¬ e diventare riko
55506,1517512099,Simone Anzivino,Unlucky
55507,1517512138,Carmelo,Qualcuno avvii la call
55511,1517512178,Carmelo,Ma stai a Bologna ?
55512,1517512187,Matteo Minardi,Lo prendi in culo per mangiare quella roba
55513,1517512203,Carmelo,Spacca
55515,1517512262,Bodka,NCUC
55516,1517512278,Matteo Minardi,Che te lo pigli in culo lo sapevamo giÃ  quando hai preso il mac
55517,1517512280,Bodka,Integrale is healthy
55519,1517512289,Carmelo,Comunque la sera la pasta non si mangia
55521,1517512526,Bodka,PerchÃ© fa ingrassare?
55523,1517512553,Carmelo,No perchÃ© non ti servono carboidrati la sera
55524,1517512560,Bodka,Dipende
55525,1517512566,Simone Anzivino,Io scopo quindi mi servono
55526,1517512567,Bodka,Per una persona poco attiva Ã¨ vero
55527,1517512576,Simone Anzivino,;)
55528,1517512580,Bodka,AHAHAHAHAHAAHHAHAHAhhHHH
55529,1517512693,Carmelo,Quando dormi fai degli addominali ?
55530,1517512747,Simone Anzivino,"Questo Ã¨ un gruppo per veri trappers, delle vostre diete da fighette mestruate non ce ne frega un cazzo"
55532,1517512837,Davide Gandolfo,Fare gli addominali
55534,1517512849,Simone Anzivino,Fai er petto cit.
55535,1517513004,Davide Gandolfo,Hater
55537,1517513048,Bodka,ðŸ¤¦ðŸ»â€â™‚
55540,1517513092,Davide Gandolfo,Dai bota spiegagli un po delle riserve di glicogeno nel muscolo
55541,1517513104,Bodka,Informato sei
55543,1517513127,Davide Gandolfo,Che schifo la pasta col tonno senza formaggio perÃ²
55544,1517513127,Simone Anzivino,Che vi piace il cazzo si capisce da quando avete iniziato a parlare di dieta
55546,1517513142,Bodka,AHAHAHHA
55549,1517513152,Carmelo,"Allora non ascoltare la dpg, sfera e compagnia bella"
55550,1517513171,Bodka,Ascolto EINAUDI
55552,1517513176,Davide Gandolfo,HAHAHHAHAHAHAAH
55554,1517513207,Matteo Minardi,Ascolti SILVANO ALBANESE
55555,1517513212,Davide Gandolfo,Solo i frogi possono?
55556,1517513240,Carmelo,Beethoven
55557,1517513314,Bodka,Ludvic
55559,1517513345,Matteo Minardi,Scopiunhour a 300L
55560,1517513371,Bodka,AHAHAHAHAHHAHAHAHAHAAH
55561,1517513387,Simone Anzivino,Magari unhour
55562,1517513397,Bodka,BÃ¨
55564,1517513410,Carmelo,Ahahahahahah a
55565,1517513432,Davide Gandolfo,stavi scherzando vero
55566,1517513435,Simone Anzivino,Se ti fai l&aposanestesia al cazzo
55568,1517513454,Bodka,No
55572,1517513501,Carmelo,Meglio al tonno crudo
55573,1517513509,Simone Anzivino,Diocane la sottiletta nel tonno
55574,1517513513,Carmelo,E si sbocca facile
55575,1517513518,Bodka,Asta cruda
55577,1517513525,Carmelo,Diocan sarebbe da galera
55578,1517513525,Simone Anzivino,Cristo manco se sto a sciopero della fame me lo mangerei
55579,1517513533,Bodka,AHAHAHAHHAHHHAH
55581,1517513550,Simone Anzivino,Se ti piace il cazzo si
55582,1517513557,Matteo Minardi,Meglio senza pomodoro
55583,1517513565,Carmelo,Meglio senza pasta
55584,1517513565,Simone Anzivino,Sono d&aposaccordo
55585,1517513566,Bodka,Naz lo sappiamo che vai a trans
55586,1517513582,Simone Anzivino,Senza pomodoro col tonno buttato dentro > con la sottiletta
55588,1517513587,Davide Gandolfo,This
55589,1517513601,Carmelo,Comunque porcamadonna manco sapete cucinare un piatto di pasta
55592,1517513673,Davide Gandolfo,Ma non abbiamo tempo per youtube
55594,1517513703,Simone Anzivino,Vengo dalla cucina con tony e side ;) cooking the right stuff
55595,1517513723,Carmelo,E fatti una maratona perchÃ© porcamaronna la sottiletta diocan fa venire i brividi anche ai bambini africani
55596,1517513749,Bodka,AHAHAHAHAHAHAHAHAHHA
55599,1517513768,Carmelo,Ti devono togliere la cittadinanza
55600,1517513770,Bodka,Poi mi ringrazietete
55601,1517513770,Simone Anzivino,Piuttosto divento gay
55602,1517513783,Bodka,Tony e side veniamo dalla cucina
55604,1517513818,Carmelo,Penso che potrei rischiare un infarto
55605,1517513861,Davide Gandolfo,*rimango
55606,1517513884,Carmelo,*divento etero
55607,1517513907,Davide Gandolfo,No we asp quello no
55610,1517514069,Bodka,AHAHAHAHAHHAAH
55614,1517514127,Carmelo,Oh si vede che parli come mangi
55615,1517514136,Bodka,ðŸ¤·ðŸ»â€â™‚
55617,1517514156,Carmelo,Ahahahahahah
55626,1517514557,Bodka,H8rs
55628,1517514573,Matteo Minardi,Prima gliela devono dare
55630,1517514633,Matteo Minardi,ðŸ˜¢ðŸ˜¢ðŸ˜¢ðŸ˜¢
55632,1517514667,Carmelo,Ahahahahah
55633,1517514671,Bodka,Soon
55634,1517514700,Carmelo,Con scritto â€œchi si ferma Ã¨ perdutoâ€
55637,1517514751,Davide Gandolfo,Un po come la figa
55639,1517514769,Carmelo,Molinella way?
55641,1517514785,Bodka,Oh ma cos&aposÃ¨ oggi
55643,1517514793,Carmelo,Ahahahahahahahahahahah
55645,1517514819,Davide Gandolfo,Figa pensavo fosse mozart rlly
55646,1517514821,Bodka,Si la vado a seccare
55647,1517514831,Carmelo,CosÃ¬ si fa
55648,1517514880,Davide Gandolfo,"Fra ma che vai a seccare, qua c&aposÃ¨ la business call"
55649,1517515141,Simone Anzivino,AHAHAHAHAHAHAHAAH #rip
55652,1517517141,Bodka,Che cazzo ascolti
55653,1517519261,Matteo Minardi,Uno youtuber bravo
55654,1517519451,Davide Gandolfo,Ki e il tuo fida
55657,1517520063,Davide Gandolfo,Oh no boi
55659,1517520079,Simone Anzivino,esame tossicologico
55661,1517520088,Davide Gandolfo,Hahahahahahahahahahaahhahha
55663,1517520106,Simone Anzivino,Triplo sert su ogni cosa
55664,1517520965,Matteo Minardi,You can&apost say sert withot saying beno
55671,1517526108,Bodka,PerchÃ© ho rimasto quelli
55675,1517526145,Simone Anzivino,Se riesci a dare 4 esami in 4 giorni
55676,1517526162,Bodka,Mi baciate i piedi
55677,1517526175,Simone Anzivino,1) Sei un genio2) Mi farei 2 domande sull&aposuni
55680,1517526204,Bodka,L&apos8 vado a cazzo duro con l app sul telefono 12 Ã¨ quello da ridare13 l&aposho giÃ  preparato 15 a cazzo duro
55681,1517527427,Matteo Minardi,La nuova di tedua fa cagare
55684,1517528201,Bodka,Tedua fa cagare *
55685,1517528351,Simone Anzivino,Te fai cagare
55686,1517530335,Davide Gandolfo,EVENTUALE FOTOOO
55687,1517530346,Simone Anzivino,Cringe un tot
55691,1517530389,Davide Gandolfo,Diobo fra hai piÃ¹ appelli che neuroni
55692,1517530389,Simone Anzivino,Stanno con le pezze nel culo
55693,1517530394,Davide Gandolfo,>tfw
55696,1517530448,Simone Anzivino,ðŸ˜†
55697,1517530547,Davide Gandolfo,Carme @mino181295 ma alla fine con che documento vi hanno verificato bitstamp? Bollett o che?
55698,1517531369,Bodka,ðŸ˜‚ðŸ˜‚ðŸ˜‚
55699,1517531516,Davide Gandolfo,Haha scusa scjwrzavo spero che non te la sei presa ok ciao
55700,1517533455,Bodka,ðŸ™ˆ
55702,1517554631,Matteo Minardi,Me documento ed estratto conto
55710,1517555938,Carmelo,Certificato di residenza
55718,1517562608,Davide Gandolfo,figa wot si puÃ² usare anche l&aposestratto conto
55730,1517581392,Bodka,Porcoxazzo
55736,1517581628,Davide Gandolfo,Magari
55737,1517581647,Bodka,AHAHAHAHAHHAAH
55739,1517582434,Davide Gandolfo,Diobo tru
55741,1517583595,Bodka,Oh ma oggi niente rekts?
55742,1517583649,Matteo Minardi,ðŸ˜‚ðŸ˜‚
55743,1517584244,Bodka,Carmelo dove sei
55746,1517584793,Matteo Minardi,Si te?
55747,1517584924,Simone Anzivino,"Mino puÃ² cambiare banca,  ma tu Bota non puoi cambiare cervello"
55748,1517585096,Bodka,PerÃ² ho la banca giusta
55749,1517585814,Davide Gandolfo,"Attenzione perÃ², non puoi cambiare cervello se non ce l&aposhai"
55751,1517586908,Davide Gandolfo,Cos&aposÃ¨ sta roba
55753,1517586998,Bodka,Alla radio non la mettono
55754,1517587111,Davide Gandolfo,Io prenderei piÃ¹ la macchina allora
55755,1517587111,Bodka,Basta
55757,1517587116,Davide Gandolfo,Anzi manco la patente prenderei
55758,1517587120,Bodka,Che la radio non sa fare
55760,1517587289,Simone Anzivino,Che problemi hai
55764,1517587469,Davide Gandolfo,Attendo risposta
55765,1517587492,Simone Anzivino,Fai la live su insta
55767,1517587586,Simone Anzivino,Comincia cosi fai qualche cash
55768,1517588557,Davide Gandolfo,sfidiamoci a creare il canale piÃ¹ inutile possibile
55770,1517588588,Simone Anzivino,AHAHAHAHAHAHHAAHAHAH
55771,1517588596,Davide Gandolfo,porca puttana dio bello che video del porco sto male
55772,1517588599,Simone Anzivino,L&aposho appena visto pd
55773,1517588607,Davide Gandolfo,zio cane l&aposabbiamo visto in contempor
55774,1517588619,Simone Anzivino,Telepatia zio
55775,1517588620,Davide Gandolfo,ma quanto Ã¨ 2030 il doppio orologio aaaaaaaaaaaaaa
55777,1517589106,Bodka,Tactics
55779,1517592807,Davide Gandolfo,sto riguardando la live di jumbo con la tizia su ig
55781,1517592853,Matteo Minardi,Feels
55784,1517594244,Davide Gandolfo,Playlist eden1â‚¬ 2014
55785,1517597384,Davide Gandolfo,https://goo.gl/cLwFrb
55787,1517597989,Bodka,fattooo
55788,1517599495,Davide Gandolfo,Ok
55789,1517599542,Matteo Minardi,Ecco come studi
55791,1517599614,Davide Gandolfo,Mi faccio troppa cultura bhro
55793,1517599681,Matteo Minardi,Free weekend
55797,1517601672,Davide Gandolfo,Cos&aposÃ¨ hashish liofilizzato
55798,1517601822,Bodka,Idrofilizzato
55800,1517603294,Davide Gandolfo,C&aposÃ¨ qualcosa per aumentare la massa
55802,1517603512,Simone Anzivino,No
55803,1517603540,Davide Gandolfo,Allora non prendo niente sorry bota alla pross
55804,1517603816,Bodka,Omega 3
55805,1517604738,Matteo Minardi,Un mio collega Ã¨ andato al sushi ieri sera
55810,1517605545,Davide Gandolfo,Ommerda wrong choss
55815,1517607127,Davide Gandolfo,merzzzz
55821,1517615734,Davide Gandolfo,Ohhh finalmente un po di musica vera
55822,1517615831,Bodka,Voglio un audio con la musica che ascolti te
55826,1517616617,Bodka,Puttana se ti Ã¨ venuto bene l eskere
55828,1517617273,Simone Anzivino,Damnn
55830,1517619140,Davide Gandolfo,Ayyy free drinke?
55835,1517647560,Matteo Minardi,Nel senso che vanno sopra e lo scopano in culo xd
55836,1517647705,Davide Gandolfo,Azzzzzzz
55838,1517648211,Carmelo,Io faccio cose vezz
55839,1517648380,Davide Gandolfo,"Qua fra il sabato sera ci divertiamo, mica si sta davanti al cell"
55840,1517648411,Carmelo,Chi si diverte non fattura
55841,1517648413,Bodka,Ma oggi Ã¨ sabato
55842,1517648514,Davide Gandolfo,Ah figa pensavo fosse ieri
55844,1517648783,Carmelo,Quando si ha troppo hdf non si sa piÃ¹ che giorno sia
55845,1517648813,Davide Gandolfo,Mado fra flow proprio me lo si vede negli occhi
55846,1517648865,Carmelo,Stasera casina come al solito oppure facciamo qualcosa?
55847,1517648889,Davide Gandolfo,Si grinda che il 20feb finisce la season su fort
55848,1517648959,Carmelo,Falla a pagamento al Rune
55849,1517649441,Davide Gandolfo,Diobo ora che non ho piÃ¹ quello del treno potrei farci l&aposabbonamento
55850,1517649632,Matteo Minardi,Com&aposÃ¨ andata la consegna?
55861,1517651250,Davide Gandolfo,dici il ritiro dagli studi?
55862,1517651299,Matteo Minardi,Ti scoccerebbe pure quella
55864,1517651318,Carmelo,Troppa sbatti
55865,1517651378,Davide Gandolfo,0 fra tanto le tasse fuoricorso le pagano i miei cazzo menef
55866,1517651401,Matteo Minardi,Sono gratis
55867,1517651479,Carmelo,Come il telepass
55868,1517651496,Matteo Minardi,Ahahaha
55872,1517651531,Carmelo,Ahahahahahah ah
55873,1517654584,Davide Gandolfo,Oddio brandon e il telepass ahahahahahahahah
55874,1517655814,Bodka,Fai che paga x2
55875,1517655860,Matteo Minardi,Mando l&aposaddebito al suo iban
55876,1517655877,Bodka,Paga per tutti
55879,1517663008,Simone Anzivino,Ahahahaahahahah
55880,1517673485,Davide Gandolfo,Hahhahahahahahahahahahahahahahah
55882,1517673545,Carmelo,Vezzi ma stasera si fa qualcosa?
55883,1517673576,Davide Gandolfo,Io al max discord fhra
55884,1517673610,Carmelo,Pubbino?
55885,1517673641,Bodka,io sono in collina
55886,1517673699,Carmelo,Moli ?
55887,1517673710,Bodka,no
55889,1517673734,Carmelo,Basta troca
55890,1517673745,Bodka,non c&aposÃ¨ troca a moli
55892,1517673756,Carmelo,Ahahahah
55893,1517673826,Bodka,la droca solo a bolotown
55894,1517673901,Carmelo,Solo nella cittÃ  natia
55896,1517674146,Bodka,ma dove
55899,1517674170,Carmelo,In che zona sei
55901,1517674218,Bodka,Bagnacavallo
55902,1517674253,Carmelo,"Ho capito fra, dico dove andrai in collina"
55903,1517674284,Bodka,Tra le colline
55905,1517674296,Carmelo,Diocan Bota
55906,1517674299,Bodka,ðŸ˜‚ðŸ˜‚ðŸ˜‚ðŸ˜‚ðŸ˜‚
55907,1517674303,Carmelo,La droga fa male
55908,1517674306,Bodka,Castel del rio
55913,1517674462,Carmelo,Non Ã¨ mica un s8
55914,1517674477,Bodka,Azzz
55915,1517674504,Carmelo,Torna a dare gli esami
55917,1517674602,Carmelo,Ahahahah ma che cazzo c&apose a Castel del Rio oltre ai suoi 25 abitanti?
55918,1517674653,Bodka,C&aposÃ¨....
55920,1517674693,Matteo Minardi,Ahahahah
55921,1517674694,Bodka,Alcol (che non toccherÃ²)
55924,1517674927,Matteo Minardi,Figa che non toccherai
55927,1517675030,Bodka,ðŸ•º
55929,1517675222,Carmelo,Ma se ci spostiamo su telegram x
55932,1517675839,Bodka,Sfera ha ucciso il rap!!!
55933,1517675875,Carmelo,Ãˆ partito lâ€™hypeeee
55934,1517675923,Bodka,Cia1
55935,1517675929,Davide Gandolfo,Per rispetto verso il padre
55936,1517675932,Bodka,Troppe app
55937,1517675951,Carmelo,Tanto telegram lo tolgono
55938,1517675956,Bodka,Meglio non toccarla
55939,1517676029,Carmelo,Telegram x Ã¨ telegram 2.0
55940,1517676040,Bodka,Woooooo
55942,1517676077,Carmelo,Bota ma la merda nel cervello quando la caghi?
55943,1517676084,Bodka,Mai
55947,1517676157,Carmelo,X perchÃ© da quando Ã¨ uscito lâ€™iPhone X lo copiono tutti
55948,1517676166,Bodka,AHAHHAHAHAHAAHHAHA
55950,1517676196,Carmelo,Prossimo Samsung si chiamerÃ  X
55951,1517676250,Bodka,Prossima tipa la chiamerÃ² X
55954,1517676277,Carmelo,E non perchÃ© Ã¨ la 10
55955,1517676278,Bodka,Di la cazzata
55956,1517676284,Carmelo,AHAHAHAHAHAHAHHA
55957,1517676284,Davide Gandolfo,Ahhaahhaahahah
55958,1517676286,Bodka,AHAHHAHAHAHAHA
55959,1517676308,Davide Gandolfo,Haahahhaahahahhaahahhaahahahahahah
55961,1517676326,Carmelo,Troppo hdf
55962,1517676330,Davide Gandolfo,*
55963,1517676334,Carmelo,Il cervello esplode
55964,1517676342,Davide Gandolfo,*
55967,1517676384,Carmelo,Pausa lunga
55969,1517676419,Bodka,LOL
55972,1517676465,Davide Gandolfo,Pausa troppo lunga
55974,1517676475,Bodka,Come la sbatta di vivere
55975,1517676482,Davide Gandolfo,Quella 0
55976,1517676494,Bodka,Ma naz?
55979,1517676501,Carmelo,*come la vita
55981,1517676525,Bodka,Io ho votato che non lo dava quell&aposesame
55983,1517676560,Davide Gandolfo,Io rinuncio alla vita
55984,1517676569,Bodka,Trpp easy
55985,1517676573,Davide Gandolfo,A naz i negroni hanno dato alla testa
55986,1517676579,Bodka,Negroni che
55988,1517676585,Carmelo,BBC
55989,1517676617,Davide Gandolfo,Ah segue i canali internazionali
55991,1517676622,Bodka,Yess
55997,1517676728,Bodka,Con fare cose intendo farsi un giro su questo profilo
55998,1517676754,Carmelo,Basta andare sul mio e vedere chi seguo
55999,1517676797,Bodka,Hmmmm
56001,1517676853,Carmelo,Non ha importanza la quantitÃ  ma la qualitÃ 
56002,1517676876,Bodka,Taaaaac
56005,1517676916,Davide Gandolfo,No mino non followa un cazzo
56007,1517676929,Bodka,La morosa gli ha fatto togliere tutti i follow
56008,1517677342,Davide Gandolfo,Lagaz ma perchÃ© cazz esiste telegram X
56009,1517677431,Carmelo,Ãˆ fatto meglio
56010,1517677471,Davide Gandolfo,Ma perchÃ© non rilasciare un aggiornam per teleg?
56011,1517677500,Carmelo,Mi sa che cambia il modo in cui Ã© programmato
56013,1517677905,Matteo Minardi,Ma cazzo cambia telegram x
56014,1517677928,Bodka,La X
56018,1517677953,Matteo Minardi,Bota
56020,1517678067,Bodka,E vbb
56021,1517678103,Carmelo,Le bbq ribs dellâ€™old Wild West spaccano
56022,1517678113,Bodka,E quindi?
56025,1517678128,Carmelo,Ieri le ho mangiate Ã¨ sono mille volte meglio del roadhouse
56029,1517678163,Davide Gandolfo,Ma Ã¨ tanto mille
56030,1517678170,Carmelo,Si
56031,1517678178,Bodka,1000
56032,1517678190,Carmelo,1 e 3 zeri
56033,1517678194,Davide Gandolfo,C&aposÃ¨ un old wild qua vicino?
56034,1517678195,Bodka,999+1
56036,1517678202,Davide Gandolfo,(Ma Ã¨ all you can?)
56037,1517678204,Carmelo,Savignano
56038,1517678204,Matteo Minardi,Quanto ritardo in una sola chat
56039,1517678214,Bodka,Sei solo invidioso
56040,1517678231,Davide Gandolfo,L&aposho giÃ  visto sto gesto btw
56041,1517678235,Carmelo,Torna a fatti sfruttare a 100â‚¬ al mese
56042,1517678244,Davide Gandolfo,>0
56043,1517678253,Carmelo,< niente
56047,1517678270,Bodka,0<100<niente
56048,1517678272,Davide Gandolfo,Non creto
56049,1517678277,Bodka,Hmmmm
56050,1517678281,Simone Anzivino,Ma che problemi avete?
56051,1517678282,Bodka,Naz ssclm
56052,1517678288,Simone Anzivino,200 msg
56053,1517678290,Davide Gandolfo,La matematica Ã¨ un&aposopinione
56054,1517678294,Simone Anzivino,Di puro ritardo
56055,1517678294,Bodka,Today is disagio day
56056,1517678301,Davide Gandolfo,Spero tu non li abbia letti naz
56057,1517678322,Carmelo,Naz torna a fare video
56059,1517678344,Simone Anzivino,Hdf now
56061,1517678360,Davide Gandolfo,GiÃ  vloggato per oggi
56062,1517678363,Carmelo,Oggi ferie
56063,1517678368,Davide Gandolfo,Oggi stop hdf
56064,1517678378,Carmelo,Oggi ferie dalle ferie
56065,1517678380,Bodka,Oggi primo giorno di pensione
56067,1517678392,Davide Gandolfo,Ci vuole ogni tnt
56068,1517678402,Carmelo,Stare a casa da casa
56069,1517678456,Bodka,Basta non perdiamo altro tempo
56071,1517678470,Carmelo,La droga chiama
56072,1517678472,Bodka,Disinstallate tutto
56078,1517678545,Davide Gandolfo,Oh boto
56079,1517678560,Carmelo,Ahahahahaha
56080,1517678567,Davide Gandolfo,Facciamo un gruppo apposta per le cit e gli audio trap
56083,1517678584,Bodka,Grz
56084,1517678591,Carmelo,Diocan ma da 0 a piombo quanto uso di droga fai Bota
56085,1517678598,Bodka,Ferro
56086,1517678603,Simone Anzivino,XD
56087,1517678628,Carmelo,ðŸ˜
56091,1517682728,Simone Anzivino,Oni volta che guadagno un hater ci guadagno un euro
56092,1517683589,Matteo Minardi,Poor shit
56093,1517685047,Davide Gandolfo,4 euro > zeuro
56117,1517697492,Davide Gandolfo,Pesata
56118,1517697545,Simone Anzivino,2kg
56122,1517697838,Davide Gandolfo,La prox urlagli che se vogliono essere tuoi amici non devono bestemmiare
56140,1517699436,Simone Anzivino,Ti fanno vibrare quella testa vuota delle palle che tieni
56141,1517699474,Matteo Minardi,Eskereee
56144,1517702104,Simone Anzivino,Damn
56149,1517702484,Matteo Minardi,Ahahahahhahauaha
56152,1517702515,Davide Gandolfo,Se Ã¨ un modo gangsta per dire che fate i party gay sono interessato
56153,1517702826,Bodka,Nicole
56156,1517703342,Davide Gandolfo,Ah ho capito ha fatto dei film belli con eddi murfi
56157,1517703531,Bodka,E con Johnny sins
56160,1517703562,Davide Gandolfo,Lui Ã¨ meno simpatico perÃ²
56161,1517703570,Bodka,Ãˆ uno duro
56162,1517703586,Davide Gandolfo,Ahh che bello il mondo diholliwod vorrei essere un famoso anch&aposio
56163,1517704941,Matteo Minardi,Rip lei Ã¨ too
56166,1517704984,Bodka,Il cazzo Ã¨ vegano
56167,1517705006,Matteo Minardi,ðŸ˜‚ðŸ˜‚
56170,1517739323,Davide Gandolfo,Bota ma tipo non dormi
56171,1517739393,Carmelo,Dormirei Ã¨ per persone molli
56172,1517741019,Davide Gandolfo,In confezione da 12
56174,1517741317,Davide Gandolfo,Wtf
56176,1517741377,Matteo Minardi,Whut
56178,1517741413,Davide Gandolfo,Per noi poveri al liv 50 tipo c&aposÃ¨ l&aposultimo tier sbloccabile
56179,1517741438,Simone Anzivino,Che poveri
56180,1517741465,Davide Gandolfo,Senti fra non tutti possono sbancare con le crypto non sentirti migliore ok
56181,1517741482,Simone Anzivino,Unlucky
56182,1517741610,Matteo Minardi,Actually naz avrÃ  50 â‚¬
56184,1517741865,Davide Gandolfo,Basta fare l&aposinvidioso mino accetta la realtÃ 
56186,1517741882,Simone Anzivino,Ho cashouttato a 3.20 il 60%
56187,1517741882,Davide Gandolfo,Questo non ha capito un cazz
56188,1517741903,Simone Anzivino,Splittando i divedendi in altri asset
56189,1517741925,Davide Gandolfo,Uorf uscire a 3.20
56191,1517742498,Matteo Minardi,ðŸ˜±ðŸ˜±ðŸ˜±ðŸ˜±
56193,1517742547,Davide Gandolfo,"Credo smise per la difficoltÃ  di farlo tra uni e coinqui, dovrei chiedergli oltre"
56200,1517749462,Bodka,Buon
56204,1517749596,Carmelo,Buon giorno
56211,1517753441,Davide Gandolfo,Cazz Ã¨
56213,1517764708,Bodka,Oh ma oggi niente spam?
56214,1517765541,Davide Gandolfo,Eh bro un giorno di spam al mese
56216,1517770292,Davide Gandolfo,Foto da gand8lf
56219,1517770762,Simone Anzivino,Dammi il link dude
56221,1517775873,Davide Gandolfo,Ahahahahahahahahhahaahahah
56223,1517776784,Matteo Minardi,Ahahahhahahahaha
56229,1517776909,Davide Gandolfo,Le uniche cose che ricorderai all&aposesame
56233,1517777012,Bodka,ðŸ˜‚
56238,1517777067,Carmelo,Libri seri
56239,1517777088,Davide Gandolfo,Su vede he non fate la mia facolta
56244,1517778929,Bodka,"Opsss, l&aposesame ce l&aposho il 15"
56250,1517779319,Davide Gandolfo,#fukkderulls
56251,1517781689,Simone Anzivino,@ciaonepropirio Ti sei tagliato i capelli?
56252,1517781719,Davide Gandolfo,Mio fra l&aposunica cosa che mi son tagliato Ã¨ il cazzo
56259,1517782128,Bodka,Ftt bn
56273,1517786374,Matteo Minardi,Chi cazzo compra i libri
56274,1517787445,Davide Gandolfo,li sciemi de merda
56293,1517840205,Davide Gandolfo,Diobo
56296,1517842658,Simone Anzivino,Wtf
56298,1517843490,Bodka,ehi togli il dito
56299,1517843497,Simone Anzivino,Foto retro
56301,1517843526,Bodka,non vale se non fai foto retro
56303,1517843564,Bodka,cazzo ma metti sempre il dito nel posto sbagliato
56306,1517843574,Carmelo,Ah mi dispiace
56307,1517843579,Bodka,peggio di mia mamma
56309,1517843587,Carmelo,Ahahahahaha
56310,1517843590,Bodka,che sotto effetto di coca vedi meglio
56311,1517843650,Carmelo,La batteria di sto iPhone Ã¨ top
56313,1517843704,Bodka,aspe aspe
56317,1517843731,Simone Anzivino,GiÃ 
56319,1517843767,Bodka,anche il mio
56322,1517843785,Carmelo,Si Ã¨ suicidato
56323,1517843801,Bodka,not yet
56324,1517847717,Carmelo,https://www.instagram.com/roberryc
56326,1517848414,Simone Anzivino,Una tipa chic come te vuole un trapboy come me
56327,1517849079,Matteo Minardi,Si vede che siete amici
56328,1517849980,Davide Gandolfo,Come scaricare l&aposiphone nuovo
56330,1517850058,Carmelo,Câ€™Ã¨ lâ€™ho giÃ 
56331,1517850187,Davide Gandolfo,Ahhh ecco
56333,1517850228,Carmelo,Bravo
56335,1517850244,Simone Anzivino,Per pagare le troie in tangenziale
56336,1517850726,Bodka,Devo inventare la carta per le pay
56338,1517850745,Carmelo,EscortPay
56339,1517850751,Bodka,EscoPay
56340,1517850752,Carmelo,Prepaid
56341,1517850762,Bodka,prePAYd
56342,1517852015,Bodka,Stiamo parlando della stessa cosa?
56343,1517852040,Carmelo,Wtf
56344,1517852555,Matteo Minardi,Ahahahhahaha
56347,1517855520,Matteo Minardi,Ahahahah ke inioranza
56348,1517855876,Carmelo,Ahahahahah
56350,1517856118,Bodka,E se lha rubata?
56355,1517862444,Matteo Minardi,Lol
56455,1517872587,Bodka,Oh ma
56458,1517872607,Simone Anzivino,Fra un po si shoppa
56459,1517872613,Bodka,Hmmm
56461,1517872639,Matteo Minardi,Fucking ripperoni
56462,1517872664,Simone Anzivino,Eh troppe bad news
56465,1517874890,Matteo Minardi,hahahahahaha
56508,1517875318,Bodka,Oh non dormite troppo
56526,1517875577,Matteo Minardi,Shhh
56528,1517876014,Bodka,Ah
56532,1517876465,Matteo Minardi,Viva le fiche col cazzo
56535,1517876514,Simone Anzivino,Im not gay but
56540,1517916092,Davide Gandolfo,but fiche col cazzo is fiche col cazzo
56542,1517916261,Simone Anzivino,Ahahahahaahah
56543,1517916393,Matteo Minardi,Prima del capodanno cinese
56545,1517916439,Bodka,She sucks dicks
56546,1517916944,Davide Gandolfo,and gets her sucked occasionally
56547,1517916967,Bodka,Wot
56549,1517916980,Matteo Minardi,Si
56550,1517916984,Bodka,Really
56552,1517916994,Matteo Minardi,Ah we
56554,1517917016,Simone Anzivino,Ormai si Ã¨ giÃ  segato su di lei
56556,1517917025,Bodka,AHAHHAHA
56559,1517917040,Simone Anzivino,8/10
56560,1517917043,Bodka,Ma si
56568,1517917278,Davide Gandolfo,bravo il chirurgo
56574,1517935436,Davide Gandolfo,Top i lonly ilsnd
56578,1517937620,Simone Anzivino,https://www.youtube.com/watch?v=fZ4izBB92SQ
56579,1517937893,Bodka,Wut
56588,1517938397,Simone Anzivino,5/10
56589,1517938653,Matteo Minardi,Albanesi top
56590,1517940966,Davide Gandolfo,followala
56591,1517942468,Bodka,Sei ghey?
56593,1517942518,Carmelo,17 min
56595,1517942578,Bodka,Me lo tatuo
56600,1517942716,Davide Gandolfo,AHAAHHAHAHAHAHAHAHAHHA IL VIDEO
56604,1517942817,Simone Anzivino,Porco dio ahahahaahahahaahahahahah
56609,1517944985,Bodka,https://youtu.be/g-0FdHDf7ZE
56610,1517944999,Bodka,https://youtu.be/89qf-ziUISI
56611,1517945000,Bodka,Idolo
56613,1517947776,Bodka,Oh ma ste borse qua che crollano?
56638,1517955826,Davide Gandolfo,6/10
56640,1517956053,Bodka,Tutti a votarlo
56641,1517956134,Davide Gandolfo,http://www.salvinipremier.it/
56645,1517956740,Davide Gandolfo,CHOOSE YOURS
56646,1517956937,Matteo Minardi,Comunque il MC Ã¨ un cazzo di furto
56647,1517956965,Simone Anzivino,?
56648,1517956967,Matteo Minardi,Con 8â‚¬ ci mangi al burger bros
56649,1517956997,Simone Anzivino,VabbÃ¨ son 2 cose diverse zio
56650,1517958138,Bodka,Al mc Ã¨ buono il milkshake
56653,1517958166,Matteo Minardi,Il milk sa di chimico
56654,1517958166,Bodka,GiÃ  ftt ordine
56658,1517958210,Davide Gandolfo,apri la pic di mino
56659,1517958213,Matteo Minardi,ðŸ™‚
56660,1517958228,Bodka,Lol
56663,1517958240,Bodka,Hihihi
56671,1517958282,Davide Gandolfo,che roba Ã¨
56675,1517958291,Bodka,Yeah
56706,1518004816,Davide Gandolfo,Che hai prso fra?
56707,1518004835,Bodka,Le bombe
56709,1518006198,Davide Gandolfo,Cazzo dici ancora burro?
56710,1518006350,Bodka,Si bel
56716,1518011298,Davide Gandolfo,Ma ne mangi abbastanza da cagar mattoni?
56717,1518012036,Bodka,guarda che non lo mangio tot i dÃ¨
56718,1518012066,Carmelo,UÃ¨ tabac
56719,1518012103,Bodka,soccmel
56721,1518012526,Carmelo,Cazz fai in biblio
56722,1518012546,Bodka,cose
56723,1518012571,Carmelo,Good
56725,1518012596,Bodka,Anke io
56726,1518012618,Carmelo,Se faccio il 7/7 diocan voglio la laurea ad honorem
56736,1518013585,Davide Gandolfo,Ma perchÃ© andate agli esami
56738,1518014799,Bodka,quindi naz?
